user_id,item_id
0,11
0,17
0,33
0,40
0,44
0,69
0,82
0,88
0,89
0,124
1,6
1,14
1,21
1,23
1,38
1,46
1,48
1,49
1,56
1,70
3,10
3,55
3,70
3,94
3,98
3,101
3,147
3,152
3,167
3,179
5,16
5,39
5,83
5,158
5,172
5,182
5,210
5,255
5,268
5,274
7,2
7,7
7,13
7,23
7,26
7,39
7,70
7,95
7,168
7,199
8,21
8,65
8,75
8,158
8,341
8,379
8,458
8,493
8,532
8,539
10,2
10,3
10,20
10,24
10,26
10,62
10,110
10,142
10,150
10,153
14,1
14,43
14,83
14,85
14,93
14,98
14,116
14,171
14,249
14,256
17,15
17,24
17,28
17,43
17,121
17,167
17,185
17,186
17,194
17,220
21,1
21,18
21,20
21,23
21,28
21,96
21,97
21,139
21,186
21,203
23,32
23,33
23,41
23,59
23,67
23,102
23,112
23,151
23,153
23,164
24,1
24,3
24,6
24,7
24,20
24,28
24,31
24,76
24,93
24,122
27,23
27,31
27,86
27,104
27,139
27,147
27,172
27,229
27,281
27,328
31,1
31,31
31,54
31,63
31,80
31,115
31,153
31,225
31,230
31,345
28,5
28,81
28,89
28,106
28,115
28,154
28,163
28,171
28,176
28,217
33,0
33,16
33,18
33,20
33,25
33,132
33,262
33,279
33,286
33,456
39,6
39,10
39,22
39,36
39,72
39,201
39,207
39,215
39,261
39,344
30,4
30,9
30,15
30,23
30,76
30,84
30,143
30,152
30,185
30,204
42,23
42,28
42,32
42,48
42,124
42,164
42,280
42,310
42,349
42,370
48,3
48,70
48,92
48,214
48,236
48,381
48,442
48,531
48,534
48,585
45,1
45,8
45,92
45,135
45,195
45,218
45,240
45,244
45,398
45,506
49,53
49,164
49,195
49,205
49,283
49,304
49,335
49,506
49,555
49,576
52,0
52,3
52,7
52,8
52,13
52,17
52,24
52,69
52,109
52,122
54,12
54,28
54,33
54,49
54,84
54,128
54,161
54,226
54,342
54,366
57,1
57,20
57,45
57,68
57,93
57,170
57,231
57,267
57,309
57,314
60,15
60,26
60,43
60,62
60,70
60,91
60,218
60,498
60,536
60,558
61,15
61,27
61,31
61,32
61,58
61,60
61,94
61,107
61,162
61,163
64,2
64,6
64,11
64,13
64,14
64,30
64,39
64,40
64,45
64,48
65,0
65,1
65,3
65,10
65,96
65,104
65,114
65,121
65,193
65,203
53,12
53,134
53,186
53,193
53,236
53,267
53,302
53,311
53,337
53,354
55,8
55,50
55,145
55,186
55,262
55,291
55,330
55,334
55,427
55,466
68,11
68,21
68,24
68,49
68,84
68,103
68,177
68,262
68,305
68,384
69,11
69,14
69,30
69,37
69,40
69,82
69,87
69,148
69,184
69,334
62,2
62,6
62,15
62,19
62,31
62,34
62,44
62,48
62,55
62,89
71,2
71,5
71,8
71,10
71,16
71,40
71,78
71,86
71,111
71,167
72,18
72,65
72,105
72,120
72,122
72,147
72,166
72,193
72,212
72,223
58,1
58,11
58,14
58,15
58,46
58,65
58,74
58,113
58,130
58,165
73,10
73,11
73,33
73,69
73,144
73,179
73,322
73,342
73,347
73,402
74,6
74,26
74,35
74,73
74,110
74,140
74,182
74,221
74,289
74,305
75,1
75,3
75,7
75,18
75,57
75,93
75,131
75,153
75,185
75,217
79,29
79,46
79,55
79,59
79,60
79,67
79,136
79,140
79,161
79,169
37,19
37,36
37,78
37,87
37,103
37,119
37,148
37,232
37,305
37,318
82,5
82,33
82,36
82,124
82,161
82,190
82,199
82,210
82,217
82,251
84,0
84,28
84,48
84,51
84,78
84,96
84,156
84,166
84,172
84,191
77,4
77,10
77,13
77,16
77,26
77,27
77,72
77,82
77,83
77,92
44,17
44,20
44,23
44,28
44,34
44,35
44,96
44,97
44,124
44,140
88,4
88,26
88,43
88,51
88,70
88,122
88,131
88,151
88,172
88,205
92,1
92,28
92,38
92,40
92,45
92,62
92,124
92,138
92,181
92,185
93,0
93,23
93,55
93,78
93,103
93,110
93,118
93,157
93,172
93,201
99,0
99,11
99,14
99,16
99,20
99,35
99,54
99,62
99,103
99,106
25,3
25,5
25,6
25,15
25,85
25,128
25,179
25,220
25,279
25,309
102,6
102,19
102,26
102,30
102,42
102,67
102,69
102,76
102,98
102,107
104,0
104,21
104,31
104,32
104,35
104,54
104,68
104,143
104,149
104,169
107,2
107,17
107,26
107,33
107,45
107,64
107,71
107,82
107,86
107,166
111,54
111,56
111,65
111,84
111,107
111,193
111,224
111,251
111,264
111,289
112,0
112,45
112,47
112,49
112,57
112,122
112,240
112,251
112,268
112,271
113,3
113,5
113,12
113,38
113,53
113,56
113,61
113,79
113,119
113,138
114,15
114,21
114,51
114,95
114,113
114,126
114,160
114,162
114,196
114,214
116,9
116,12
116,24
116,29
116,32
116,33
116,39
116,49
116,65
116,79
85,10
85,20
85,32
85,47
85,64
85,70
85,92
85,93
85,111
85,126
89,18
89,57
89,80
89,104
89,129
89,143
89,144
89,177
89,188
89,267
115,2
115,15
115,21
115,113
115,122
115,125
115,179
115,249
115,360
115,362
122,1
122,10
122,13
122,19
122,23
122,48
122,53
122,55
122,58
122,84
123,0
123,34
123,72
123,88
123,139
123,141
123,181
123,269
123,337
123,358
124,19
124,30
124,37
124,52
124,65
124,154
124,167
124,258
124,268
124,287
125,1
125,45
125,58
125,70
125,111
125,124
125,128
125,224
125,234
125,331
127,68
127,185
127,249
127,294
127,303
127,402
127,434
127,543
127,592
127,624
128,1
128,11
128,55
128,212
128,233
128,248
128,276
128,311
128,332
128,340
134,9
134,10
134,14
134,31
134,151
134,221
134,227
134,260
134,373
134,377
121,25
121,87
121,90
121,164
121,180
121,238
121,250
121,291
121,318
121,323
136,13
136,20
136,124
136,175
136,180
136,244
136,335
136,341
136,387
136,397
135,16
135,32
135,33
135,58
135,64
135,67
135,71
135,86
135,113
135,161
140,10
140,11
140,36
140,47
140,58
140,96
140,97
140,100
140,119
140,166
141,18
141,43
141,132
141,141
141,240
141,267
141,324
141,349
141,352
141,397
142,5
142,38
142,46
142,103
142,278
142,299
142,323
142,430
142,461
142,499
148,6
148,8
148,26
148,50
148,73
148,98
148,99
148,151
148,182
148,230
150,10
150,14
150,24
150,31
150,39
150,47
150,51
150,56
150,88
150,104
155,10
155,66
155,115
155,183
155,199
155,240
155,296
155,339
155,352
155,372
129,36
129,45
129,99
129,106
129,134
129,189
129,439
129,460
129,467
129,483
157,165
157,249
157,270
157,281
157,314
157,327
157,345
157,428
157,486
157,511
163,37
163,213
163,233
163,285
163,294
163,486
163,569
163,652
163,728
163,751
35,4
35,15
35,17
35,31
35,34
35,223
35,228
35,278
35,422
35,480
166,80
166,108
166,136
166,204
166,230
166,268
166,344
166,444
166,503
166,513
168,5
168,6
168,8
168,12
168,13
168,18
168,53
168,72
168,75
168,97
172,7
172,19
172,31
172,106
172,119
172,151
172,155
172,256
172,317
172,335
173,0
173,2
173,22
173,24
173,33
173,39
173,45
173,51
173,189
173,414
174,3
174,19
174,59
174,64
174,65
174,66
174,70
174,83
174,107
174,218
176,2
176,22
176,24
176,28
176,39
176,45
176,98
176,100
176,107
176,147
175,0
175,2
175,11
175,21
175,32
175,37
175,39
175,73
175,112
175,120
179,9
179,45
179,57
179,73
179,116
179,131
179,146
179,285
179,313
179,408
177,11
177,85
177,108
177,117
177,175
177,216
177,307
177,316
177,329
177,359
182,3
182,4
182,42
182,153
182,160
182,164
182,218
182,225
182,284
182,374
170,26
170,32
170,151
170,158
170,198
170,269
170,278
170,279
170,305
170,335
183,10
183,16
183,28
183,34
183,37
183,55
183,60
183,79
183,81
183,88
184,12
184,15
184,18
184,22
184,30
184,75
184,83
184,123
184,269
184,272
186,6
186,23
186,25
186,90
186,108
186,173
186,179
186,208
186,233
186,275
188,1
188,10
188,15
188,17
188,21
188,44
188,79
188,352
188,420
188,605
167,5
167,42
167,43
167,92
167,112
167,116
167,163
167,219
167,351
167,384
189,55
189,70
189,76
189,287
189,338
189,343
189,357
189,358
189,390
189,405
105,2
105,6
105,12
105,41
105,81
105,92
105,116
105,136
105,185
105,203
190,18
190,19
190,26
190,51
190,87
190,111
190,112
190,118
190,146
190,189
193,13
193,71
193,82
193,84
193,87
193,118
193,120
193,125
193,132
193,191
194,9
194,22
194,41
194,231
194,340
194,364
194,443
194,522
194,526
194,619
195,2
195,3
195,12
195,94
195,96
195,114
195,140
195,307
195,431
195,469
196,99
196,114
196,142
196,144
196,211
196,270
196,273
196,300
196,302
196,315
198,56
198,73
198,126
198,136
198,139
198,188
198,317
198,336
198,367
198,454
178,38
178,40
178,87
178,145
178,161
178,163
178,211
178,246
178,253
178,292
9,4
9,26
9,28
9,44
9,48
9,61
9,76
9,84
9,203
9,219
201,14
201,134
201,142
201,156
201,237
201,306
201,365
201,379
201,464
201,620
202,0
202,8
202,49
202,82
202,120
202,135
202,162
202,192
202,270
202,272
203,2
203,28
203,31
203,39
203,56
203,60
203,72
203,74
203,180
203,229
204,17
204,20
204,55
204,105
204,120
204,147
204,154
204,168
204,345
204,377
206,1
206,24
206,45
206,142
206,145
206,253
206,268
206,303
206,343
206,400
205,1
205,104
205,176
205,226
205,248
205,262
205,289
205,290
205,293
205,354
209,8
209,15
209,22
209,49
209,51
209,60
209,71
209,77
209,79
209,84
211,1
211,33
211,77
211,101
211,130
211,154
211,177
211,285
211,287
211,311
213,5
213,18
213,37
213,41
213,62
213,97
213,126
213,139
213,157
213,193
218,6
218,46
218,53
218,56
218,59
218,92
218,95
218,105
218,141
218,148
219,20
219,29
219,108
219,116
219,143
219,157
219,174
219,188
219,243
219,254
222,3
222,20
222,36
222,47
222,53
222,55
222,83
222,89
222,121
222,129
227,5
227,10
227,15
227,30
227,33
227,47
227,60
227,63
227,64
227,75
228,73
228,110
228,112
228,143
228,160
228,168
228,224
228,228
228,252
228,262
229,16
229,67
229,78
229,98
229,99
229,175
229,212
229,312
229,492
229,542
231,16
231,22
231,39
231,130
231,179
231,210
231,230
231,317
231,331
231,354
232,1
232,15
232,16
232,40
232,101
232,127
232,169
232,172
232,192
232,238
41,0
41,3
41,17
41,37
41,42
41,44
41,60
41,62
41,75
41,103
236,19
236,20
236,40
236,107
236,142
236,156
236,167
236,181
236,220
236,233
238,5
238,14
238,111
238,114
238,131
238,142
238,204
238,220
238,253
238,432
239,4
239,21
239,25
239,26
239,99
239,128
239,176
239,309
239,320
239,348
244,3
244,9
244,46
244,57
244,80
244,93
244,97
244,115
244,177
244,234
241,2
241,6
241,7
241,11
241,20
241,27
241,50
241,59
241,76
241,93
246,19
246,35
246,56
246,62
246,121
246,125
246,135
246,161
246,169
246,175
245,3
245,114
245,188
245,220
245,341
245,411
245,539
245,547
245,637
245,704
247,0
247,13
247,16
247,55
247,77
247,87
247,98
247,246
247,248
247,254
249,2
249,10
249,12
249,63
249,70
249,94
249,96
249,103
249,107
249,121
252,6
252,36
252,41
252,42
252,46
252,74
252,76
252,77
252,86
252,115
254,0
254,15
254,19
254,21
254,28
254,38
254,42
254,54
254,69
254,75
255,9
255,13
255,41
255,44
255,125
255,153
255,235
255,307
255,468
255,474
256,70
256,105
256,110
256,116
256,126
256,127
256,159
256,168
256,172
256,173
257,8
257,49
257,52
257,53
257,70
257,137
257,144
257,223
257,353
257,393
237,4
237,22
237,70
237,93
237,98
237,109
237,111
237,114
237,118
237,123
76,2
76,16
76,20
76,23
76,45
76,50
76,63
76,117
76,145
76,149
161,26
161,78
161,123
161,160
161,166
161,197
161,246
161,256
161,327
161,331
262,8
262,20
262,31
262,33
262,77
262,82
262,87
262,126
262,172
262,247
263,8
263,10
263,28
263,52
263,74
263,143
263,151
263,193
263,206
263,262
264,8
264,21
264,64
264,78
264,102
264,110
264,112
264,139
264,167
264,187
154,7
154,11
154,21
154,23
154,41
154,43
154,48
154,94
154,97
154,126
268,42
268,54
268,76
268,117
268,158
268,231
268,267
268,293
268,301
268,312
100,29
100,35
100,46
100,63
100,104
100,128
100,139
100,160
100,169
100,192
273,11
273,18
273,44
273,58
273,62
273,65
273,116
273,152
273,162
273,164
270,0
270,5
270,12
270,15
270,36
270,37
270,58
270,59
270,64
270,68
275,25
275,26
275,50
275,51
275,79
275,113
275,122
275,132
275,140
275,252
277,17
277,37
277,89
277,90
277,97
277,101
277,107
277,110
277,139
277,153
20,0
20,8
20,35
20,39
20,41
20,61
20,79
20,104
20,130
20,166
282,4
282,16
282,45
282,50
282,56
282,70
282,82
282,96
282,116
282,148
284,1
284,24
284,38
284,82
284,103
284,109
284,111
284,150
284,178
284,193
285,84
285,87
285,161
285,247
285,260
285,319
285,521
285,580
285,756
285,769
278,27
278,46
278,52
278,128
278,130
278,319
278,358
278,363
278,442
278,457
130,10
130,19
130,21
130,22
130,38
130,39
130,57
130,85
130,92
130,93
286,11
286,24
286,108
286,142
286,151
286,289
286,291
286,381
286,407
286,409
283,24
283,36
283,56
283,78
283,81
283,89
283,153
283,216
283,229
283,231
288,1
288,20
288,35
288,43
288,46
288,144
288,201
288,250
288,392
288,420
242,6
242,19
242,20
242,60
242,64
242,74
242,93
242,111
242,136
242,138
295,15
295,36
295,67
295,72
295,94
295,113
295,155
295,414
295,458
295,477
296,66
296,281
296,290
296,363
296,411
296,412
296,446
296,479
296,492
296,558
214,0
214,7
214,11
214,21
214,39
214,145
214,229
214,232
214,275
214,326
297,12
297,15
297,41
297,81
297,186
297,259
297,309
297,324
297,353
297,410
300,12
300,13
300,25
300,54
300,64
300,200
300,216
300,231
300,252
300,281
301,2
301,4
301,7
301,12
301,21
301,77
301,78
301,79
301,80
301,103
310,220
310,467
310,598
310,599
310,604
310,640
310,711
310,733
310,808
310,849
298,31
298,46
298,70
298,103
298,107
298,134
298,142
298,278
298,312
298,317
299,9
299,57
299,71
299,73
299,90
299,94
299,125
299,136
299,154
299,157
109,2
109,44
109,53
109,59
109,78
109,81
109,102
109,105
109,107
109,181
316,0
316,13
316,21
316,23
316,55
316,151
316,175
316,209
316,210
316,236
317,0
317,36
317,149
317,166
317,177
317,245
317,341
317,413
317,455
317,480
302,22
302,24
302,31
302,35
302,51
302,102
302,111
302,119
302,159
302,165
318,6
318,18
318,30
318,177
318,190
318,217
318,237
318,247
318,258
318,292
158,11
158,13
158,17
158,37
158,77
158,106
158,182
158,187
158,189
158,194
319,27
319,37
319,48
319,87
319,260
319,280
319,291
319,306
319,377
319,420
324,1
324,6
324,15
324,19
324,39
324,119
324,123
324,239
324,414
324,480
323,0
323,2
323,18
323,83
323,204
323,247
323,264
323,274
323,295
323,403
321,20
321,44
321,137
321,139
321,189
321,359
321,406
321,506
321,541
321,561
322,27
322,86
322,125
322,193
322,235
322,263
322,267
322,315
322,338
322,351
329,6
329,17
329,67
329,88
329,90
329,98
329,116
329,131
329,148
329,178
331,0
331,11
331,19
331,49
331,51
331,56
331,71
331,90
331,94
331,99
337,8
337,10
337,15
337,20
337,31
337,37
337,52
337,54
337,93
337,98
339,4
339,14
339,16
339,23
339,25
339,37
339,45
339,87
339,99
339,241
311,14
311,15
311,16
311,35
311,79
311,481
311,483
311,517
311,550
311,590
67,0
67,2
67,5
67,29
67,72
67,75
67,105
67,184
67,200
67,215
303,0
303,5
303,7
303,13
303,81
303,103
303,130
303,131
303,143
303,165
343,3
343,6
343,84
343,112
343,119
343,182
343,223
343,226
343,279
343,334
344,28
344,37
344,95
344,132
344,214
344,272
344,289
344,310
344,362
344,547
269,21
269,116
269,151
269,187
269,197
269,213
269,242
269,261
269,265
269,404
346,20
346,43
346,48
346,83
346,85
346,106
346,140
346,148
346,190
346,209
350,2
350,5
350,37
350,295
350,320
350,322
350,370
350,388
350,562
350,592
351,0
351,2
351,6
351,9
351,27
351,47
351,117
351,128
351,239
351,340
341,23
341,24
341,36
341,52
341,102
341,106
341,121
341,128
341,204
341,294
355,2
355,4
355,54
355,99
355,117
355,148
355,244
355,254
355,286
355,326
356,3
356,40
356,130
356,150
356,179
356,188
356,295
356,340
356,373
356,379
360,43
360,47
360,76
360,136
360,151
360,195
360,243
360,433
360,466
360,503
361,0
361,28
361,75
361,86
361,128
361,202
361,203
361,210
361,225
361,227
362,0
362,5
362,12
362,22
362,114
362,130
362,167
362,175
362,272
362,325
363,20
363,47
363,112
363,166
363,208
363,377
363,459
363,482
363,501
363,586
359,22
359,28
359,144
359,163
359,170
359,172
359,179
359,211
359,227
359,228
315,11
315,13
315,15
315,58
315,66
315,80
315,110
315,111
315,199
315,240
336,27
336,28
336,31
336,49
336,64
336,69
336,78
336,116
336,179
336,296
369,2
369,57
369,71
369,91
369,111
369,113
369,117
369,120
369,128
369,142
153,14
153,30
153,35
153,39
153,50
153,51
153,84
153,99
153,103
153,138
374,30
374,37
374,102
374,110
374,181
374,233
374,258
374,342
374,390
374,406
377,4
377,8
377,16
377,36
377,39
377,45
377,52
377,56
377,66
377,82
378,23
378,34
378,35
378,36
378,62
378,79
378,170
378,172
378,321
378,330
330,1
330,19
330,20
330,27
330,33
330,34
330,42
330,45
330,49
330,60
383,27
383,51
383,59
383,70
383,127
383,147
383,195
383,244
383,273
383,275
384,23
384,72
384,101
384,108
384,110
384,124
384,157
384,256
384,260
384,265
386,7
386,23
386,31
386,39
386,70
386,80
386,166
386,171
386,258
386,345
387,9
387,11
387,14
387,20
387,171
387,183
387,289
387,306
387,345
387,368
385,0
385,5
385,35
385,57
385,61
385,83
385,93
385,132
385,171
385,183
388,8
388,54
388,65
388,94
388,107
388,124
388,137
388,158
388,177
388,183
221,3
221,27
221,53
221,63
221,67
221,162
221,185
221,302
221,356
221,385
392,1
392,5
392,7
392,20
392,82
392,116
392,131
392,136
392,155
392,161
393,12
393,107
393,214
393,215
393,261
393,382
393,383
393,465
393,587
393,624
394,6
394,23
394,27
394,58
394,101
394,119
394,162
394,268
394,288
394,398
395,18
395,43
395,103
395,140
395,179
395,336
395,376
395,434
395,478
395,494
371,30
371,34
371,48
371,78
371,88
371,166
371,197
371,198
371,233
371,383
398,27
398,33
398,35
398,92
398,96
398,119
398,134
398,165
398,186
398,267
399,2
399,11
399,15
399,30
399,111
399,113
399,162
399,577
399,736
399,827
401,14
401,20
401,24
401,41
401,67
401,197
401,380
401,419
401,511
401,540
402,11
402,27
402,37
402,54
402,64
402,69
402,96
402,121
402,148
402,150
403,6
403,18
403,81
403,123
403,172
403,188
403,191
403,206
403,262
403,306
400,12
400,19
400,37
400,52
400,96
400,120
400,181
400,195
400,200
400,283
409,53
409,70
409,100
409,194
409,241
409,275
409,322
409,366
409,417
409,447
412,28
412,78
412,112
412,215
412,263
412,281
412,363
412,387
412,460
412,470
414,0
414,10
414,37
414,85
414,101
414,102
414,125
414,255
414,271
414,327
415,17
415,21
415,66
415,69
415,97
415,116
415,183
415,206
415,264
415,288
416,4
416,43
416,50
416,118
416,132
416,236
416,310
416,356
416,477
416,500
417,17
417,41
417,45
417,51
417,55
417,59
417,74
417,87
417,92
417,127
405,4
405,20
405,40
405,44
405,78
405,83
405,146
405,152
405,171
405,199
424,12
424,14
424,20
424,24
424,29
424,49
424,56
424,103
424,115
424,148
225,14
225,20
225,35
225,36
225,140
225,151
225,179
225,185
225,191
225,239
426,1
426,9
426,91
426,107
426,116
426,153
426,194
426,285
426,355
426,386
428,0
428,7
428,23
428,26
428,38
428,69
428,100
428,127
428,140
428,156
208,15
208,78
208,124
208,192
208,199
208,207
208,219
208,222
208,232
208,239
332,143
332,158
332,188
332,192
332,194
332,232
332,242
332,293
332,308
332,338
365,3
365,30
365,149
365,208
365,219
365,296
365,349
365,367
365,375
365,381
438,10
438,16
438,49
438,52
438,75
438,98
438,122
438,163
438,194
438,210
439,1
439,26
439,34
439,51
439,63
439,77
439,103
439,110
439,111
439,128
422,17
422,18
422,80
422,131
422,144
422,181
422,255
422,398
422,404
422,460
443,45
443,47
443,48
443,49
443,53
443,55
443,62
443,65
443,73
443,79
445,25
445,76
445,79
445,132
445,209
445,223
445,288
445,289
445,311
445,367
446,23
446,35
446,205
446,233
446,247
446,323
446,324
446,475
446,485
446,512
199,31
199,103
199,176
199,186
199,225
199,269
199,314
199,352
199,420
199,500
448,5
448,29
448,45
448,76
448,80
448,99
448,150
448,161
448,175
448,316
451,22
451,95
451,102
451,129
451,207
451,275
451,303
451,317
451,349
451,361
452,24
452,35
452,72
452,86
452,115
452,140
452,168
452,177
452,197
452,276
453,5
453,11
453,15
453,19
453,42
453,83
453,87
453,89
453,90
453,112
432,8
432,11
432,13
432,42
432,125
432,279
432,489
432,557
432,638
432,652
454,14
454,33
454,50
454,126
454,155
454,159
454,189
454,287
454,322
454,386
455,3
455,52
455,91
455,95
455,128
455,147
455,167
455,196
455,208
455,248
456,10
456,42
456,52
456,120
456,157
456,292
456,313
456,391
456,529
456,559
457,8
457,12
457,14
457,26
457,36
457,63
457,128
457,171
457,193
457,197
450,0
450,4
450,46
450,63
450,66
450,76
450,92
450,147
450,149
450,150
462,7
462,45
462,65
462,235
462,332
462,342
462,370
462,536
462,565
462,613
464,0
464,10
464,40
464,53
464,57
464,215
464,262
464,314
464,434
464,482
467,0
467,14
467,23
467,36
467,46
467,69
467,94
467,148
467,178
467,297
472,15
472,37
472,39
472,40
472,61
472,113
472,123
472,144
472,177
472,189
461,13
461,31
461,41
461,48
461,63
461,95
461,99
461,109
461,154
461,321
474,27
474,59
474,62
474,115
474,131
474,149
474,166
474,195
474,201
474,209
427,7
427,14
427,25
427,35
427,41
427,45
427,52
427,150
427,280
427,530
481,33
481,54
481,103
481,105
481,140
481,141
481,294
481,420
481,458
481,460
479,1
479,7
479,9
479,16
479,40
479,116
479,147
479,152
479,181
479,212
419,23
419,24
419,73
419,89
419,115
419,143
419,202
419,213
419,237
419,253
482,0
482,6
482,19
482,27
482,31
482,46
482,57
482,74
482,76
482,96
480,39
480,76
480,115
480,119
480,148
480,179
480,199
480,227
480,262
480,285
484,25
484,26
484,27
484,36
484,48
484,52
484,56
484,84
484,86
484,94
487,2
487,10
487,11
487,27
487,36
487,126
487,135
487,140
487,152
487,156
486,9
486,14
486,36
486,42
486,47
486,68
486,76
486,82
486,115
486,126
488,1
488,8
488,10
488,22
488,49
488,112
488,122
488,149
488,198
488,287
366,15
366,176
366,255
366,390
366,401
366,409
366,458
366,603
366,657
366,658
465,0
465,64
465,122
465,183
465,348
465,442
465,666
465,698
465,800
465,906
494,0
494,10
494,17
494,36
494,51
494,107
494,115
494,142
494,183
494,227
497,2
497,29
497,30
497,50
497,68
497,71
497,86
497,114
497,119
497,139
498,1
498,20
498,33
498,56
498,57
498,63
498,88
498,100
498,128
498,145
496,5
496,6
496,10
496,38
496,59
496,88
496,127
496,149
496,150
496,166
489,18
489,40
489,90
489,147
489,150
489,237
489,311
489,459
489,542
489,570
502,8
502,15
502,22
502,28
502,98
502,100
502,105
502,196
502,362
502,413
505,16
505,33
505,54
505,55
505,75
505,132
505,188
505,217
505,302
505,347
510,3
510,4
510,10
510,12
510,21
510,25
510,53
510,56
510,64
510,65
511,0
511,4
511,7
511,12
511,19
511,34
511,56
511,77
511,102
511,139
512,10
512,16
512,29
512,32
512,83
512,89
512,173
512,219
512,243
512,308
442,27
442,43
442,50
442,52
442,65
442,76
442,84
442,108
442,110
442,152
515,36
515,80
515,111
515,119
515,169
515,189
515,258
515,259
515,286
515,295
447,8
447,12
447,15
447,54
447,78
447,222
447,247
447,297
447,298
447,318
516,8
516,65
516,83
516,92
516,102
516,124
516,151
516,170
516,178
516,247
517,4
517,16
517,19
517,35
517,42
517,44
517,67
517,103
517,135
517,139
518,6
518,12
518,16
518,23
518,25
518,51
518,73
518,193
518,264
518,318
519,89
519,332
519,376
519,439
519,454
519,483
519,690
519,723
519,736
519,738
520,36
520,53
520,87
520,190
520,234
520,238
520,291
520,331
520,354
520,358
521,13
521,58
521,91
521,94
521,159
521,237
521,258
521,324
521,378
521,390
503,13
503,211
503,263
503,321
503,373
503,415
503,440
503,560
503,622
503,643
530,8
530,16
530,67
530,78
530,89
530,106
530,123
530,132
530,177
530,198
531,4
531,27
531,28
531,51
531,89
531,104
531,123
531,140
531,193
531,481
532,6
532,15
532,95
532,177
532,251
532,275
532,349
532,384
532,409
532,418
534,14
534,21
534,80
534,127
534,185
534,267
534,273
534,347
534,378
534,412
529,21
529,35
529,36
529,54
529,78
529,189
529,239
529,282
529,377
529,555
536,1
536,2
536,21
536,315
536,369
536,516
536,540
536,589
536,717
536,729
537,0
537,11
537,56
537,62
537,158
537,285
537,298
537,308
537,319
537,365
538,5
538,24
538,47
538,56
538,59
538,114
538,121
538,126
538,170
538,194
539,21
539,27
539,42
539,59
539,99
539,220
539,273
539,456
539,562
539,593
541,21
541,22
541,64
541,86
541,103
541,113
541,116
541,136
541,173
541,195
545,8
545,34
545,37
545,49
545,122
545,178
545,185
545,242
545,282
545,310
546,73
546,87
546,107
546,120
546,127
546,129
546,134
546,137
546,191
546,222
547,1
547,46
547,156
547,256
547,270
547,310
547,317
547,320
547,388
547,389
543,26
543,107
543,215
543,271
543,301
543,357
543,395
543,454
543,489
543,602
549,19
549,76
549,127
549,128
549,130
549,145
549,238
549,275
549,397
549,435
551,11
551,35
551,85
551,121
551,132
551,153
551,164
551,184
551,209
551,216
266,117
266,216
266,282
266,294
266,456
266,458
266,472
266,502
266,508
266,509
553,3
553,22
553,25
553,27
553,28
553,33
553,45
553,66
553,177
553,220
548,183
548,196
548,292
548,349
548,358
548,393
548,449
548,468
548,493
548,534
556,7
556,8
556,27
556,29
556,92
556,97
556,104
556,117
556,121
556,162
528,35
528,44
528,57
528,80
528,86
528,116
528,139
528,161
528,299
528,373
557,14
557,19
557,26
557,29
557,36
557,105
557,151
557,251
557,268
557,365
542,9
542,31
542,51
542,76
542,103
542,173
542,226
542,375
542,457
542,474
560,5
560,8
560,16
560,30
560,33
560,166
560,175
560,238
560,377
560,482
561,4
561,18
561,24
561,49
561,106
561,142
561,152
561,200
561,220
561,259
562,4
562,11
562,33
562,39
562,42
562,94
562,103
562,175
562,187
562,221
563,2
563,3
563,16
563,19
563,48
563,66
563,67
563,70
563,76
563,80
565,11
565,43
565,83
565,90
565,101
565,131
565,151
565,200
565,238
565,250
568,26
568,59
568,111
568,154
568,207
568,246
568,383
568,396
568,468
568,552
572,18
572,104
572,126
572,136
572,137
572,141
572,161
572,175
572,307
572,312
573,5
573,39
573,53
573,56
573,60
573,78
573,81
573,92
573,132
573,137
577,0
577,11
577,25
577,50
577,86
577,100
577,166
577,186
577,242
577,254
492,7
492,8
492,13
492,54
492,66
492,91
492,97
492,134
492,155
492,183
581,27
581,111
581,163
581,182
581,226
581,391
581,438
581,492
581,495
581,579
582,15
582,16
582,20
582,23
582,26
582,55
582,62
582,70
582,163
582,175
579,19
579,27
579,61
579,69
579,85
579,100
579,104
579,136
579,167
579,178
554,15
554,28
554,44
554,54
554,95
554,98
554,114
554,119
554,164
554,207
584,4
584,19
584,53
584,61
584,87
584,112
584,116
584,118
584,175
584,186
589,7
589,16
589,17
589,38
589,40
589,63
589,98
589,119
589,212
589,227
306,4
306,122
306,129
306,131
306,215
306,228
306,232
306,330
306,392
306,473
591,34
591,51
591,90
591,130
591,147
591,176
591,241
591,285
591,314
591,403
588,15
588,16
588,60
588,110
588,233
588,313
588,492
588,671
588,741
588,798
594,5
594,29
594,49
594,80
594,129
594,139
594,143
594,159
594,186
594,213
597,0
597,5
597,23
597,34
597,87
597,92
597,117
597,136
597,238
597,254
578,5
578,19
578,22
578,58
578,62
578,64
578,66
578,163
578,279
578,390
598,19
598,22
598,25
598,30
598,35
598,58
598,59
598,76
598,115
598,117
599,3
599,21
599,30
599,35
599,156
599,208
599,327
599,346
599,355
599,361
601,10
601,14
601,23
601,25
601,91
601,110
601,124
601,142
601,201
601,222
602,2
602,10
602,15
602,21
602,35
602,37
602,40
602,44
602,79
602,153
607,11
607,15
607,26
607,42
607,52
607,69
607,108
607,130
607,147
607,164
606,11
606,106
606,113
606,114
606,118
606,200
606,208
606,225
606,248
606,306
609,0
609,15
609,110
609,161
609,244
609,248
609,319
609,473
609,482
609,519
612,5
612,29
612,50
612,66
612,69
612,84
612,132
612,155
612,163
612,211
605,13
605,36
605,48
605,72
605,134
605,145
605,185
605,228
605,308
605,323
604,6
604,7
604,52
604,56
604,76
604,137
604,281
604,283
604,322
604,353
611,10
611,23
611,32
611,37
611,101
611,133
611,137
611,171
611,194
611,195
614,61
614,71
614,72
614,74
614,81
614,100
614,102
614,181
614,213
614,273
615,12
615,13
615,15
615,21
615,27
615,58
615,91
615,93
615,144
615,149
618,15
618,18
618,20
618,22
618,87
618,107
618,168
618,173
618,188
618,194
622,7
622,37
622,184
622,196
622,239
622,301
622,381
622,391
622,559
622,591
625,19
625,113
625,133
625,154
625,215
625,262
625,278
625,307
625,331
625,383
617,56
617,58
617,74
617,85
617,163
617,164
617,424
617,476
617,748
617,793
627,14
627,39
627,49
627,142
627,177
627,364
627,446
627,520
627,521
627,546
629,16
629,62
629,67
629,85
629,108
629,110
629,111
629,284
629,712
629,719
631,38
631,45
631,59
631,88
631,175
631,187
631,195
631,223
631,257
631,261
633,9
633,76
633,118
633,120
633,128
633,180
633,191
633,222
633,251
633,310
634,18
634,23
634,34
634,37
634,56
634,77
634,110
634,116
634,166
634,176
636,19
636,29
636,84
636,93
636,131
636,136
636,143
636,151
636,179
636,204
638,9
638,150
638,200
638,243
638,299
638,317
638,338
638,389
638,458
638,487
493,19
493,69
493,78
493,91
493,92
493,117
493,119
493,147
493,184
493,191
626,14
626,20
626,60
626,79
626,120
626,135
626,192
626,225
626,297
626,348
642,7
642,85
642,127
642,355
642,430
642,468
642,500
642,569
642,598
642,616
233,25
233,183
233,224
233,404
233,475
233,580
233,801
233,1162
233,1180
233,1207
649,1
649,2
649,13
649,49
649,52
649,98
649,122
649,171
649,174
649,258
650,4
650,12
650,26
650,45
650,83
650,101
650,169
650,172
650,228
650,271
647,37
647,44
647,58
647,70
647,109
647,187
647,192
647,196
647,209
647,227
652,2
652,13
652,32
652,81
652,85
652,160
652,298
652,360
652,387
652,390
653,7
653,12
653,123
653,141
653,164
653,187
653,203
653,276
653,294
653,474
655,88
655,90
655,158
655,172
655,205
655,232
655,273
655,289
655,321
655,351
656,22
656,154
656,197
656,247
656,331
656,451
656,488
656,566
656,579
656,674
390,8
390,15
390,22
390,32
390,83
390,92
390,369
390,401
390,452
390,513
657,53
657,140
657,280
657,653
657,783
657,785
657,812
657,823
657,894
657,899
623,6
623,21
623,25
623,47
623,118
623,141
623,187
623,212
623,223
623,246
83,1
83,8
83,12
83,49
83,51
83,87
83,104
83,108
83,141
83,170
661,18
661,28
661,31
661,32
661,38
661,47
661,112
661,114
661,124
661,218
664,2
664,3
664,11
664,22
664,23
664,24
664,50
664,58
664,66
664,88
586,19
586,38
586,98
586,168
586,171
586,180
586,199
586,249
586,343
586,385
485,8
485,17
485,31
485,75
485,179
485,188
485,242
485,249
485,315
485,355
669,4
669,14
669,55
669,62
669,85
669,92
669,122
669,139
669,150
669,167
217,6
217,20
217,44
217,49
217,82
217,125
217,177
217,247
217,269
217,309
674,3
674,7
674,20
674,29
674,60
674,95
674,107
674,143
674,162
674,173
678,51
678,108
678,133
678,159
678,191
678,195
678,197
678,261
678,334
678,394
646,3
646,241
646,261
646,279
646,337
646,501
646,527
646,579
646,722
646,745
681,2
681,5
681,18
681,58
681,74
681,336
681,496
681,525
681,540
681,589
411,3
411,6
411,13
411,38
411,41
411,47
411,60
411,84
411,93
411,105
683,4
683,5
683,33
683,47
683,53
683,79
683,102
683,109
683,219
683,229
686,15
686,63
686,164
686,188
686,208
686,240
686,273
686,346
686,390
686,404
687,11
687,47
687,83
687,89
687,98
687,143
687,209
687,220
687,225
687,292
690,25
690,26
690,33
690,36
690,61
690,83
690,131
690,209
690,230
690,269
348,79
348,107
348,121
348,162
348,163
348,167
348,169
348,175
348,213
348,253
696,0
696,10
696,12
696,14
696,34
696,84
696,229
696,234
696,284
696,298
698,30
698,31
698,38
698,61
698,62
698,71
698,107
698,111
698,140
698,155
697,3
697,6
697,51
697,53
697,88
697,89
697,95
697,126
697,137
697,141
668,12
668,17
668,40
668,79
668,108
668,114
668,129
668,199
668,227
668,232
662,7
662,11
662,14
662,19
662,32
662,46
662,239
662,271
662,284
662,328
705,2
705,3
705,14
705,23
705,59
705,240
705,298
705,305
705,387
705,398
701,4
701,27
701,37
701,84
701,86
701,88
701,105
701,131
701,136
701,143
709,21
709,36
709,91
709,97
709,129
709,143
709,188
709,215
709,307
709,308
711,14
711,42
711,103
711,196
711,263
711,272
711,357
711,361
711,373
711,407
713,37
713,41
713,51
713,70
713,434
713,495
713,507
713,515
713,542
713,590
714,8
714,10
714,17
714,66
714,94
714,220
714,258
714,421
714,487
714,500
715,5
715,29
715,46
715,86
715,124
715,127
715,135
715,165
715,166
715,208
688,10
688,70
688,102
688,151
688,169
688,308
688,851
688,873
688,1046
688,1083
716,16
716,23
716,61
716,126
716,187
716,197
716,222
716,224
716,231
716,301
717,3
717,12
717,45
717,52
717,59
717,132
717,158
717,190
717,256
717,298
720,3
720,59
720,81
720,111
720,124
720,127
720,129
720,148
720,173
720,183
723,69
723,75
723,141
723,206
723,235
723,325
723,339
723,352
723,374
723,471
724,3
724,41
724,90
724,105
724,147
724,237
724,274
724,300
724,348
724,494
725,18
725,27
725,47
725,62
725,73
725,102
725,114
725,147
725,174
725,238
628,43
628,50
628,79
628,88
628,123
628,146
628,159
628,172
628,207
628,223
730,21
730,24
730,39
730,70
730,91
730,228
730,307
730,326
730,342
730,365
682,37
682,117
682,160
682,174
682,308
682,328
682,343
682,358
682,445
682,510
734,6
734,20
734,68
734,95
734,99
734,120
734,137
734,185
734,215
734,268
694,39
694,69
694,72
694,141
694,255
694,257
694,274
694,293
694,349
694,367
740,46
740,50
740,87
740,96
740,128
740,147
740,151
740,201
740,275
740,340
737,10
737,15
737,19
737,42
737,80
737,107
737,216
737,306
737,439
737,485
743,6
743,14
743,85
743,146
743,176
743,335
743,364
743,413
743,415
743,431
744,4
744,8
744,159
744,187
744,198
744,239
744,266
744,302
744,310
744,374
747,4
747,31
747,34
747,36
747,61
747,96
747,112
747,125
747,196
747,217
748,15
748,19
748,37
748,44
748,62
748,83
748,92
748,128
748,169
748,189
749,1
749,15
749,24
749,65
749,81
749,92
749,142
749,147
749,157
749,198
750,11
750,38
750,48
750,89
750,107
750,137
750,149
750,207
750,230
750,246
751,18
751,28
751,32
751,48
751,59
751,81
751,98
751,115
751,118
751,119
754,0
754,7
754,61
754,92
754,179
754,215
754,267
754,271
754,307
754,333
756,21
756,47
756,62
756,92
756,191
756,207
756,268
756,343
756,376
756,382
758,84
758,159
758,181
758,182
758,214
758,241
758,278
758,340
758,412
758,429
759,11
759,45
759,115
759,208
759,245
759,251
759,380
759,423
759,437
759,503
762,0
762,82
762,88
762,103
762,114
762,116
762,150
762,160
762,254
762,271
763,8
763,23
763,31
763,34
763,128
763,142
763,166
763,201
763,219
763,446
764,0
764,3
764,30
764,34
764,45
764,51
764,54
764,74
764,146
764,168
739,10
739,20
739,35
739,68
739,76
739,86
739,112
739,144
739,340
739,365
768,2
768,63
768,64
768,84
768,103
768,135
768,190
768,200
768,298
768,328
769,1
769,13
769,17
769,97
769,123
769,141
769,182
769,264
769,325
769,377
735,15
735,16
735,61
735,109
735,136
735,150
735,163
735,214
735,222
735,295
755,4
755,6
755,9
755,13
755,17
755,28
755,45
755,79
755,215
755,467
777,16
777,36
777,72
777,127
777,200
777,247
777,264
777,286
777,320
777,382
778,14
778,17
778,19
778,73
778,96
778,99
778,100
778,124
778,136
778,138
780,0
780,84
780,117
780,134
780,193
780,234
780,334
780,418
780,427
780,457
781,10
781,26
781,45
781,70
781,82
781,88
781,103
781,141
781,150
781,164
700,27
700,176
700,271
700,279
700,305
700,313
700,405
700,413
700,476
700,483
787,118
787,186
787,227
787,255
787,271
787,325
787,328
787,336
787,347
787,401
789,3
789,5
789,54
789,89
789,91
789,92
789,100
789,106
789,119
789,133
790,4
790,15
790,43
790,53
790,121
790,163
790,184
790,212
790,299
790,304
794,12
794,23
794,34
794,35
794,36
794,53
794,105
794,118
794,143
794,149
796,69
796,81
796,82
796,119
796,158
796,166
796,192
796,194
796,211
796,212
792,0
792,12
792,20
792,25
792,36
792,58
792,97
792,101
792,109
792,191
801,5
801,22
801,26
801,44
801,49
801,51
801,58
801,121
801,156
801,163
803,1
803,24
803,50
803,60
803,64
803,137
803,144
803,146
803,183
803,204
802,17
802,42
802,67
802,85
802,91
802,138
802,151
802,158
802,179
802,193
805,37
805,40
805,56
805,132
805,228
805,377
805,389
805,427
805,431
805,438
806,10
806,74
806,109
806,229
806,382
806,413
806,604
806,657
806,752
806,802
800,29
800,36
800,65
800,141
800,151
800,195
800,206
800,221
800,273
800,351
